<?xml version="1.0" encoding="UTF-8"?>
<project-private xmlns="http://www.netbeans.org/ns/project-private/1">
    <editor-bookmarks xmlns="http://www.netbeans.org/ns/editor-bookmarks/2" lastBookmarkId="0"/>
    <open-files xmlns="http://www.netbeans.org/ns/projectui-open-files/2">
        <group name="Group 20240406-11:56:15">
            <file>file:/C:/Users/user/Downloads/Combine1234/Combine/trytry/try%20(2)/try/newestDSA/aaaa/combine/src/boundary/Menu.java</file>
            <file>file:/C:/Users/user/Downloads/Combine1234/Combine/trytry/try%20(2)/try/newestDSA/aaaa/combine/src/dao/StudentInitializer.java</file>
            <file>file:/C:/Users/user/Downloads/Combine1234/Combine/trytry/try%20(2)/try/newestDSA/aaaa/combine/src/dao/ProgrammeInitializer.java</file>
            <file>file:/C:/Users/user/Downloads/Combine1234/Combine/trytry/try%20(2)/try/newestDSA/aaaa/combine/src/control/Driver.java</file>
            <file>file:/C:/Users/user/Downloads/Combine1234/Combine/trytry/try%20(2)/try/newestDSA/aaaa/combine/src/control/TeachingAssignmentManagement.java</file>
            <file>file:/C:/Users/user/Downloads/Combine1234/Combine/trytry/try%20(2)/try/newestDSA/aaaa/combine/src/control/StudentRegistrationManagement.java</file>
            <file>file:/C:/Users/user/Downloads/Combine1234/Combine/trytry/try%20(2)/try/newestDSA/aaaa/combine/src/utility/Validation.java</file>
        </group>
        <group>
            <file>file:/C:/Users/user/Dropbox/PC/Downloads/SubsystemLatest/CombineLatest/src/control/Driver.java</file>
        </group>
    </open-files>
</project-private>
